Theme;https://themeforest.net/item/neptune-theme-for-food-recipe-bloggers-chefs/
;https://athemes.com/collections/best-food-wordpress-themes/
;
Ad networks;https://www.cmscritic.com/best-ad-networks-for-bloggers-and-others/
;https://www.recipetineats.com/blogger-resources/ad-networks-food-bloggers/
;https://www.adnetworkdirectory.com/ad_networks/?r=169&region=Germany
;https://www.theunconventionalrd.com/top-five-ad-networks-dietitian-bloggers/
;
Tips;https://www.thebalancesmb.com/how-to-start-and-profit-from-a-food-blog-1794076
;https://minimalistbaker.com/resources/monetize-your-blog-to-cover-your-costs/
;https://kitchenbloggers.com/monetize/
;https://blog.ingredientmatcher.com/the-ultimate-guide-on-how-to-make-money-as-a-food-blogger/
;https://startbloggingonline.com/how-can-i-monetize-my-blog/
;https://www.cookrepublic.com/10-social-and-community-websites-to-drive-traffic-to-your-food-blog/
;https://www.germanfoodblogs.de/
;https://www.foodbloggerpro.com/
;
Legal;https://allaboutberlin.com/guides/website-compliance-germany
